﻿{
  "type": "service_account",
  "project_id": "outlook-google-calendar-sync",
  "private_key_id": "###",
  "private_key": "-----BEGIN PRIVATE KEY-----\n###\n-----END PRIVATE KEY-----\n",
  "client_email": "ogcs-logger@outlook-google-calendar-sync.iam.gserviceaccount.com",
  "client_id": "107502671248798151640",
  "auth_uri": "https://accounts.google.com/o/oauth2/auth",
  "token_uri": "https://accounts.google.com/o/oauth2/token",
  "auth_provider_x509_cert_url": "https://www.googleapis.com/oauth2/v1/certs",
  "client_x509_cert_url": "https://www.googleapis.com/robot/v1/metadata/x509/ogcs-logger%40outlook-google-calendar-sync.iam.gserviceaccount.com"
}
